chrom	transcript_id	pos	snp_id	pval	gene_id	tx_start	tx_end	tx_strand	tx_length	gene_biotype	transcript_biotype
18	ENSORLT00000002786.2	458033	rs_16999693	9.255875193920534e-08	ENSORLG00000002242.2	551864	558794	-	1566	protein_coding	protein_coding
18	ENSORLT00000002786.2	546744	rs_17004669	3.3292062004138986e-07	ENSORLG00000002242.2	551864	558794	-	1566	protein_coding	protein_coding
18	ENSORLT00000002786.2	577303	rs_17006176	2.1204958872028763e-09	ENSORLG00000002242.2	551864	558794	-	1566	protein_coding	protein_coding
