chrom	transcript_id	pos	snp_id	pval	gene_id	tx_start	tx_end	tx_strand	tx_length	gene_biotype	transcript_biotype
1	ENSORLT00000033615.1	28287028	rs_1128778	2.315875339284232e-06	ENSORLG00000011708.2	28594855	28603085	+	699	protein_coding	protein_coding
1	ENSORLT00000014363.2	28314550	rs_1129966	6.339259864349969e-07	ENSORLG00000011469.2	28316370	28332270	+	6816	protein_coding	protein_coding
1	ENSORLT00000014363.2	28317796	rs_1130171	8.967219289658302e-07	ENSORLG00000011469.2	28316370	28332270	+	6816	protein_coding	protein_coding
1	ENSORLT00000014363.2	28318794	rs_1130234	1.3365975030960677e-06	ENSORLG00000011469.2	28316370	28332270	+	6816	protein_coding	protein_coding
1	ENSORLT00000014363.2	28323963	rs_1130594	2.2502317316317368e-07	ENSORLG00000011469.2	28316370	28332270	+	6816	protein_coding	protein_coding
1	ENSORLT00000014221.2	28586488	rs_1142482	7.271931897519645e-08	ENSORLG00000011354.2	28173352	28177176	+	1331	protein_coding	protein_coding
1	ENSORLT00000015557.2	29453818	rs_1179902	1.4238375186932408e-09	ENSORLG00000012426.2	29149625	29173655	+	1911	protein_coding	protein_coding
1	ENSORLT00000016381.2	29471702	rs_1180656	2.3146979168239285e-06	ENSORLG00000013070.2	29742325	29746625	-	639	protein_coding	protein_coding
1	ENSORLT00000015908.2	29583321	rs_1185868	2.3146979168239103e-06	ENSORLG00000012694.2	29306691	29321729	-	5350	protein_coding	protein_coding
